ts,source,fetch_ok,total_items,total_weight,topic_items,topic_weight,attention_share,mean_sentiment
2026-09-01T11:54:53Z,ynet,1,127,55,1,1,0.01818,
2026-09-01T11:54:53Z,walla,1,53,55,2,6,0.10909,
2026-09-01T11:54:53Z,n12,1,112,55,1,5,0.09091,
2026-09-01T11:54:53Z,kan,0,0,0,0,0,,
2026-09-01T11:54:53Z,haaretz,1,50,55,1,1,0.01818,
2026-09-01T11:54:53Z,israelhayom,1,81,55,1,3,0.05455,
2026-09-01T11:54:53Z,ch14,1,84,55,0,0,0.0,
2026-09-01T11:54:53Z,makorrishon,1,88,55,0,0,0.0,
2026-09-01T11:54:53Z,i24,1,11,46,1,3,0.06522,
2026-09-01T11:54:53Z,globes,1,15,50,0,0,0.0,
2026-09-01T11:54:53Z,themarker,1,28,55,0,0,0.0,
2026-09-01T11:54:53Z,calcalist,0,0,0,0,0,,
2026-09-01T11:55:53Z,ynet,1,127,55,1,1,0.01818,
2026-09-01T11:55:53Z,walla,1,53,55,2,6,0.10909,
2026-09-01T11:55:53Z,n12,1,112,55,1,5,0.09091,
2026-09-01T11:55:53Z,kan,1,58,55,3,11,0.2,
2026-09-01T11:55:53Z,haaretz,1,50,55,1,1,0.01818,
2026-09-01T11:55:53Z,israelhayom,0,0,0,0,0,,
2026-09-01T11:55:53Z,ch14,0,0,0,0,0,,
2026-09-01T11:55:53Z,makorrishon,0,0,0,0,0,,
2026-09-01T11:55:53Z,i24,1,11,46,1,3,0.06522,
2026-09-01T11:55:53Z,globes,1,15,50,0,0,0.0,
2026-09-01T11:55:53Z,themarker,1,28,55,0,0,0.0,
2026-09-01T11:55:53Z,calcalist,0,0,0,0,0,,
2026-09-01T11:57:51Z,ynet,1,127,55,1,1,0.01818,
2026-09-01T11:57:51Z,walla,1,53,55,2,6,0.10909,
2026-09-01T11:57:51Z,n12,1,112,55,1,5,0.09091,
2026-09-01T11:57:51Z,kan,1,58,55,3,11,0.2,
2026-09-01T11:57:51Z,haaretz,1,50,55,1,1,0.01818,
2026-09-01T11:57:51Z,israelhayom,0,0,0,0,0,,
2026-09-01T11:57:51Z,ch14,0,0,0,0,0,,
2026-09-01T11:57:51Z,makorrishon,0,0,0,0,0,,
2026-09-01T11:57:51Z,i24,1,11,46,1,3,0.06522,
2026-09-01T11:57:51Z,globes,1,15,50,0,0,0.0,
2026-09-01T11:57:51Z,themarker,1,28,55,0,0,0.0,
2026-09-01T11:57:51Z,calcalist,0,0,0,0,0,,
2026-09-01T12:19:33Z,ynet,1,127,55,1,1,0.01818,
2026-09-01T12:19:33Z,walla,1,53,55,2,6,0.10909,
2026-09-01T12:19:33Z,n12,1,112,55,1,5,0.09091,
2026-09-01T12:19:33Z,kan,1,58,55,3,11,0.2,
2026-09-01T12:19:33Z,haaretz,1,50,55,1,1,0.01818,
2026-09-01T12:19:33Z,israelhayom,0,0,0,0,0,,
2026-09-01T12:19:33Z,ch14,0,0,0,0,0,,
2026-09-01T12:19:33Z,makorrishon,0,0,0,0,0,,
2026-09-01T12:19:33Z,i24,1,12,47,1,3,0.06383,
2026-09-01T12:19:33Z,globes,1,15,50,0,0,0.0,
2026-09-01T12:19:33Z,themarker,1,28,55,0,0,0.0,
2026-09-01T12:19:33Z,calcalist,0,0,0,0,0,,
2026-09-01T12:26:19Z,ynet,1,129,55,1,1,0.01818,-1.0
2026-09-01T12:26:19Z,walla,1,53,55,2,6,0.10909,-1.0
2026-09-01T12:26:19Z,n12,1,112,55,1,5,0.09091,0.0
2026-09-01T12:26:19Z,kan,1,57,55,3,11,0.2,-1.0
2026-09-01T12:26:19Z,haaretz,1,50,55,1,1,0.01818,-1.0
2026-09-01T12:26:19Z,israelhayom,0,0,0,0,0,,
2026-09-01T12:26:19Z,ch14,0,0,0,0,0,,
2026-09-01T12:26:19Z,makorrishon,0,0,0,0,0,,
2026-09-01T12:26:19Z,i24,1,12,47,1,3,0.06383,-1.0
2026-09-01T12:26:19Z,globes,1,15,50,0,0,0.0,
2026-09-01T12:26:19Z,themarker,1,28,55,0,0,0.0,
2026-09-01T12:26:19Z,calcalist,0,0,0,0,0,,
2026-09-01T16:37:55Z,ynet,1,131,55,2,2,0.03636,-0.5
2026-09-01T16:37:55Z,walla,1,53,55,1,1,0.01818,-1.0
2026-09-01T16:37:55Z,n12,1,117,55,1,5,0.09091,-1.0
2026-09-01T16:37:55Z,kan,1,55,55,2,6,0.10909,0.667
2026-09-01T16:37:55Z,haaretz,1,52,55,2,10,0.18182,-1.5
2026-09-01T16:37:55Z,israelhayom,0,0,0,0,0,,
2026-09-01T16:37:55Z,ch14,0,0,0,0,0,,
2026-09-01T16:37:55Z,makorrishon,0,0,0,0,0,,
2026-09-01T16:37:55Z,i24,1,15,50,1,5,0.1,-1.0
2026-09-01T16:37:55Z,globes,1,15,50,0,0,0.0,
2026-09-01T16:37:55Z,themarker,1,29,55,1,1,0.01818,-1.0
2026-09-01T16:37:55Z,calcalist,0,0,0,0,0,,
2026-09-01T16:55:35Z,ynet,1,130,55,2,2,0.03636,-0.5
2026-09-01T16:55:35Z,walla,1,53,55,1,1,0.01818,-1.0
2026-09-01T16:55:35Z,n12,1,118,55,2,6,0.10909,-1.0
2026-09-01T16:55:35Z,kan,1,56,55,2,6,0.10909,0.667
2026-09-01T16:55:35Z,haaretz,1,50,55,3,11,0.2,-1.455
2026-09-01T16:55:35Z,israelhayom,0,0,0,0,0,,
2026-09-01T16:55:35Z,ch14,0,0,0,0,0,,
2026-09-01T16:55:35Z,makorrishon,0,0,0,0,0,,
2026-09-01T16:55:35Z,i24,1,14,49,1,5,0.10204,-1.0
2026-09-01T16:55:35Z,globes,1,15,50,0,0,0.0,
2026-09-01T16:55:35Z,themarker,1,30,55,1,1,0.01818,-1.0
2026-09-01T16:55:35Z,calcalist,0,0,0,0,0,,
2026-09-01T19:56:02Z,ynet,1,132,55,1,3,0.05455,-1.0
2026-09-01T19:56:02Z,walla,1,55,55,1,5,0.09091,0.0
2026-09-01T19:56:02Z,n12,1,117,55,3,9,0.16364,-1.667
2026-09-01T19:56:02Z,kan,1,58,55,2,4,0.07273,-0.25
2026-09-01T19:56:02Z,haaretz,1,51,55,3,7,0.12727,0.286
2026-09-01T19:56:02Z,israelhayom,0,0,0,0,0,,
2026-09-01T19:56:02Z,ch14,0,0,0,0,0,,
2026-09-01T19:56:02Z,makorrishon,0,0,0,0,0,,
2026-09-01T19:56:02Z,i24,1,14,49,1,3,0.06122,-1.0
2026-09-01T19:56:02Z,globes,1,15,50,0,0,0.0,
2026-09-01T19:56:02Z,themarker,1,28,55,0,0,0.0,
2026-09-01T19:56:02Z,calcalist,0,0,0,0,0,,
2026-09-01T20:09:05Z,ynet,1,132,55,1,3,0.05455,-1.0
2026-09-01T20:09:05Z,walla,1,55,55,1,5,0.09091,0.0
2026-09-01T20:09:05Z,n12,1,117,55,2,8,0.14545,-1.625
2026-09-01T20:09:05Z,kan,1,57,55,2,6,0.10909,-0.167
2026-09-01T20:09:05Z,haaretz,1,51,55,3,7,0.12727,0.286
2026-09-01T20:09:05Z,israelhayom,0,0,0,0,0,,
2026-09-01T20:09:05Z,ch14,0,0,0,0,0,,
2026-09-01T20:09:05Z,makorrishon,0,0,0,0,0,,
2026-09-01T20:09:05Z,i24,1,14,49,1,3,0.06122,-1.0
2026-09-01T20:09:05Z,globes,1,15,50,0,0,0.0,
2026-09-01T20:09:05Z,themarker,1,28,55,0,0,0.0,
2026-09-01T20:09:05Z,calcalist,0,0,0,0,0,,
2026-09-01T22:36:15Z,ynet,1,130,55,2,6,0.10909,-1.0
2026-09-01T22:36:15Z,walla,1,56,55,2,6,0.10909,-0.5
2026-09-01T22:36:15Z,n12,1,117,55,3,9,0.16364,-1.0
2026-09-01T22:36:15Z,kan,1,58,55,2,4,0.07273,-0.25
2026-09-01T22:36:15Z,haaretz,1,51,55,3,11,0.2,-0.182
2026-09-01T22:36:15Z,israelhayom,0,0,0,0,0,,
2026-09-01T22:36:15Z,ch14,0,0,0,0,0,,
2026-09-01T22:36:15Z,makorrishon,0,0,0,0,0,,
2026-09-01T22:36:15Z,i24,1,15,50,1,1,0.02,-1.0
2026-09-01T22:36:15Z,globes,1,15,50,0,0,0.0,
2026-09-01T22:36:15Z,themarker,1,28,55,0,0,0.0,
2026-09-01T22:36:15Z,calcalist,0,0,0,0,0,,
2026-09-01T22:49:53Z,ynet,1,130,55,2,6,0.10909,-1.0
2026-09-01T22:49:53Z,walla,1,56,55,2,6,0.10909,-0.5
2026-09-01T22:49:53Z,n12,1,117,55,3,9,0.16364,-1.0
2026-09-01T22:49:53Z,kan,1,58,55,2,4,0.07273,-0.25
2026-09-01T22:49:53Z,haaretz,1,51,55,3,11,0.2,-0.182
2026-09-01T22:49:53Z,israelhayom,0,0,0,0,0,,
2026-09-01T22:49:53Z,ch14,0,0,0,0,0,,
2026-09-01T22:49:53Z,makorrishon,0,0,0,0,0,,
2026-09-01T22:49:53Z,i24,1,15,50,1,1,0.02,-1.0
2026-09-01T22:49:53Z,globes,1,15,50,0,0,0.0,
2026-09-01T22:49:53Z,themarker,1,28,55,0,0,0.0,
2026-09-01T22:49:53Z,calcalist,0,0,0,0,0,,
2026-09-02T01:01:05Z,ynet,1,130,55,2,6,0.10909,-1.0
2026-09-02T01:01:05Z,walla,1,57,55,2,4,0.07273,-0.75
2026-09-02T01:01:05Z,n12,1,118,55,2,6,0.10909,-1.0
2026-09-02T01:01:05Z,kan,1,59,55,2,4,0.07273,-0.25
2026-09-02T01:01:05Z,haaretz,1,51,55,3,11,0.2,-0.182
2026-09-02T01:01:05Z,israelhayom,0,0,0,0,0,,
2026-09-02T01:01:05Z,ch14,0,0,0,0,0,,
2026-09-02T01:01:05Z,makorrishon,0,0,0,0,0,,
2026-09-02T01:01:05Z,i24,1,15,50,1,1,0.02,-1.0
2026-09-02T01:01:05Z,globes,1,15,50,0,0,0.0,
2026-09-02T01:01:05Z,themarker,1,28,55,0,0,0.0,
2026-09-02T01:01:05Z,calcalist,0,0,0,0,0,,
2026-09-02T01:25:04Z,ynet,1,130,55,2,6,0.10909,-1.0
2026-09-02T01:25:04Z,walla,1,57,55,2,2,0.03636,-0.5
2026-09-02T01:25:04Z,n12,1,118,55,2,6,0.10909,-1.0
2026-09-02T01:25:04Z,kan,1,59,55,2,4,0.07273,-0.25
2026-09-02T01:25:04Z,haaretz,1,51,55,3,11,0.2,-0.182
2026-09-02T01:25:04Z,israelhayom,0,0,0,0,0,,
2026-09-02T01:25:04Z,ch14,0,0,0,0,0,,
2026-09-02T01:25:04Z,makorrishon,0,0,0,0,0,,
2026-09-02T01:25:04Z,i24,1,15,50,1,1,0.02,-1.0
2026-09-02T01:25:04Z,globes,1,15,50,0,0,0.0,
2026-09-02T01:25:04Z,themarker,1,28,55,0,0,0.0,
2026-09-02T01:25:04Z,calcalist,0,0,0,0,0,,
2026-09-02T05:48:08Z,ynet,1,132,55,2,2,0.03636,-1.0
2026-09-02T05:48:08Z,walla,1,56,55,1,1,0.01818,-1.0
2026-09-02T05:48:08Z,n12,1,116,55,2,6,0.10909,-1.833
2026-09-02T05:48:08Z,kan,1,56,55,0,0,0.0,
2026-09-02T05:48:08Z,haaretz,1,51,55,4,10,0.18182,-1.6
2026-09-02T05:48:08Z,israelhayom,0,0,0,0,0,,
2026-09-02T05:48:08Z,ch14,0,0,0,0,0,,
2026-09-02T05:48:08Z,makorrishon,0,0,0,0,0,,
2026-09-02T05:48:08Z,i24,1,12,47,0,0,0.0,
2026-09-02T05:48:08Z,globes,1,15,50,0,0,0.0,
2026-09-02T05:48:08Z,themarker,1,29,55,0,0,0.0,
2026-09-02T05:48:08Z,calcalist,0,0,0,0,0,,
2026-09-02T06:25:55Z,ynet,1,131,55,2,2,0.03636,-1.0
2026-09-02T06:25:55Z,walla,1,56,55,1,1,0.01818,-1.0
2026-09-02T06:25:55Z,n12,1,117,55,2,6,0.10909,-1.833
2026-09-02T06:25:55Z,kan,1,58,55,0,0,0.0,
2026-09-02T06:25:55Z,haaretz,1,51,55,4,10,0.18182,-1.6
2026-09-02T06:25:55Z,israelhayom,0,0,0,0,0,,
2026-09-02T06:25:55Z,ch14,0,0,0,0,0,,
2026-09-02T06:25:55Z,makorrishon,0,0,0,0,0,,
2026-09-02T06:25:55Z,i24,1,11,46,0,0,0.0,
2026-09-02T06:25:55Z,globes,1,15,50,0,0,0.0,
2026-09-02T06:25:55Z,themarker,1,29,55,0,0,0.0,
2026-09-02T06:25:55Z,calcalist,0,0,0,0,0,,
2026-09-02T11:15:18Z,ynet,1,136,55,1,5,0.09091,
2026-09-02T11:15:18Z,walla,1,56,55,1,3,0.05455,
2026-09-02T11:15:18Z,n12,1,115,55,0,0,0.0,
2026-09-02T11:15:18Z,kan,1,58,55,0,0,0.0,
2026-09-02T11:15:18Z,haaretz,1,39,55,0,0,0.0,
2026-09-02T11:15:18Z,israelhayom,0,0,0,0,0,,
2026-09-02T11:15:18Z,ch14,0,0,0,0,0,,
2026-09-02T11:15:18Z,makorrishon,0,0,0,0,0,,
2026-09-02T11:15:18Z,i24,1,9,42,0,0,0.0,
2026-09-02T11:15:18Z,globes,1,15,50,1,10,0.2,
2026-09-02T11:15:18Z,themarker,1,29,55,1,3,0.05455,
2026-09-02T11:15:18Z,calcalist,0,0,0,0,0,,
2026-09-02T11:43:53Z,ynet,1,135,55,1,5,0.09091,-1.0
2026-09-02T11:43:53Z,walla,1,56,55,1,3,0.05455,0.0
2026-09-02T11:43:53Z,n12,1,115,55,0,0,0.0,
2026-09-02T11:43:53Z,kan,1,57,55,0,0,0.0,
2026-09-02T11:43:53Z,haaretz,1,38,55,0,0,0.0,
2026-09-02T11:43:53Z,israelhayom,0,0,0,0,0,,
2026-09-02T11:43:53Z,ch14,0,0,0,0,0,,
2026-09-02T11:43:53Z,makorrishon,0,0,0,0,0,,
2026-09-02T11:43:53Z,i24,1,9,42,0,0,0.0,
2026-09-02T11:43:53Z,globes,1,15,50,1,10,0.2,-1.0
2026-09-02T11:43:53Z,themarker,1,29,55,1,1,0.01818,-1.0
2026-09-02T11:43:53Z,calcalist,0,0,0,0,0,,
2026-09-02T15:06:58Z,ynet,1,130,55,1,1,0.01818,0.0
2026-09-02T15:06:58Z,walla,1,56,55,2,4,0.07273,0.0
2026-09-02T15:06:58Z,n12,1,117,55,0,0,0.0,
2026-09-02T15:06:58Z,kan,1,60,55,1,5,0.09091,0.0
2026-09-02T15:06:58Z,haaretz,1,40,55,0,0,0.0,
2026-09-02T15:06:58Z,israelhayom,0,0,0,0,0,,
2026-09-02T15:06:58Z,ch14,0,0,0,0,0,,
2026-09-02T15:06:58Z,makorrishon,0,0,0,0,0,,
2026-09-02T15:06:58Z,i24,1,7,36,0,0,0.0,
2026-09-02T15:06:58Z,globes,1,15,50,1,10,0.2,-1.0
2026-09-02T15:06:58Z,themarker,1,28,55,1,1,0.01818,-1.0
2026-09-02T15:06:58Z,calcalist,0,0,0,0,0,,
2026-09-02T15:18:25Z,ynet,1,129,55,1,1,0.01818,0.0
2026-09-02T15:18:25Z,walla,1,56,55,2,4,0.07273,0.0
2026-09-02T15:18:25Z,n12,1,117,55,0,0,0.0,
2026-09-02T15:18:25Z,kan,1,61,55,1,3,0.05455,0.0
2026-09-02T15:18:25Z,haaretz,1,40,55,0,0,0.0,
2026-09-02T15:18:25Z,israelhayom,0,0,0,0,0,,
2026-09-02T15:18:25Z,ch14,0,0,0,0,0,,
2026-09-02T15:18:25Z,makorrishon,0,0,0,0,0,,
2026-09-02T15:18:25Z,i24,1,8,39,0,0,0.0,
2026-09-02T15:18:25Z,globes,1,15,50,1,10,0.2,-1.0
2026-09-02T15:18:25Z,themarker,1,28,55,1,1,0.01818,-1.0
2026-09-02T15:18:25Z,calcalist,0,0,0,0,0,,
2026-09-02T18:40:53Z,ynet,1,128,55,0,0,0.0,
2026-09-02T18:40:53Z,walla,1,56,55,1,1,0.01818,0.0
2026-09-02T18:40:53Z,n12,1,120,55,2,10,0.18182,-0.5
2026-09-02T18:40:53Z,kan,1,61,55,1,3,0.05455,-1.0
2026-09-02T18:40:53Z,haaretz,1,41,55,2,8,0.14545,-1.0
2026-09-02T18:40:53Z,israelhayom,0,0,0,0,0,,
2026-09-02T18:40:53Z,ch14,0,0,0,0,0,,
2026-09-02T18:40:53Z,makorrishon,0,0,0,0,0,,
2026-09-02T18:40:53Z,i24,1,12,47,0,0,0.0,
2026-09-02T18:40:53Z,globes,1,15,50,1,10,0.2,-1.0
2026-09-02T18:40:53Z,themarker,1,29,55,0,0,0.0,
2026-09-02T18:40:53Z,calcalist,0,0,0,0,0,,
2026-09-02T18:57:04Z,ynet,1,129,55,0,0,0.0,
2026-09-02T18:57:04Z,walla,1,56,55,1,1,0.01818,0.0
2026-09-02T18:57:04Z,n12,1,120,55,2,10,0.18182,-0.5
2026-09-02T18:57:04Z,kan,1,60,55,1,3,0.05455,-1.0
2026-09-02T18:57:04Z,haaretz,1,41,55,2,8,0.14545,-1.0
2026-09-02T18:57:04Z,israelhayom,0,0,0,0,0,,
2026-09-02T18:57:04Z,ch14,0,0,0,0,0,,
2026-09-02T18:57:04Z,makorrishon,0,0,0,0,0,,
2026-09-02T18:57:04Z,i24,1,11,46,0,0,0.0,
2026-09-02T18:57:04Z,globes,1,15,50,1,10,0.2,-1.0
2026-09-02T18:57:04Z,themarker,1,29,55,0,0,0.0,
2026-09-02T18:57:04Z,calcalist,0,0,0,0,0,,
2026-09-02T21:48:24Z,ynet,1,129,55,1,1,0.01818,
2026-09-02T21:48:24Z,walla,1,57,55,0,0,0.0,
2026-09-02T21:48:24Z,n12,1,117,55,4,16,0.29091,
2026-09-02T21:48:24Z,kan,1,61,55,1,3,0.05455,-1.0
2026-09-02T21:48:24Z,haaretz,1,39,55,1,5,0.09091,-1.0
2026-09-02T21:48:24Z,israelhayom,0,0,0,0,0,,
2026-09-02T21:48:24Z,ch14,0,0,0,0,0,,
2026-09-02T21:48:24Z,makorrishon,0,0,0,0,0,,
2026-09-02T21:48:24Z,i24,1,13,48,0,0,0.0,
2026-09-02T21:48:24Z,globes,1,15,50,1,10,0.2,-1.0
2026-09-02T21:48:24Z,themarker,1,29,55,0,0,0.0,
2026-09-02T21:48:24Z,calcalist,0,0,0,0,0,,
2026-09-02T21:58:43Z,ynet,1,129,55,1,1,0.01818,-1.0
2026-09-02T21:58:43Z,walla,1,57,55,0,0,0.0,
2026-09-02T21:58:43Z,n12,1,117,55,4,16,0.29091,-1.0
2026-09-02T21:58:43Z,kan,1,61,55,1,3,0.05455,-1.0
2026-09-02T21:58:43Z,haaretz,1,39,55,1,5,0.09091,-1.0
2026-09-02T21:58:43Z,israelhayom,0,0,0,0,0,,
2026-09-02T21:58:43Z,ch14,0,0,0,0,0,,
2026-09-02T21:58:43Z,makorrishon,0,0,0,0,0,,
2026-09-02T21:58:43Z,i24,1,13,48,0,0,0.0,
2026-09-02T21:58:43Z,globes,1,15,50,1,10,0.2,-1.0
2026-09-02T21:58:43Z,themarker,1,29,55,0,0,0.0,
2026-09-02T21:58:43Z,calcalist,0,0,0,0,0,,
2026-09-03T00:13:59Z,ynet,1,129,55,1,1,0.01818,-1.0
2026-09-03T00:13:59Z,walla,1,57,55,0,0,0.0,
2026-09-03T00:13:59Z,n12,1,117,55,4,16,0.29091,-1.0
2026-09-03T00:13:59Z,kan,1,60,55,1,3,0.05455,-1.0
2026-09-03T00:13:59Z,haaretz,1,39,55,1,5,0.09091,-1.0
2026-09-03T00:13:59Z,israelhayom,0,0,0,0,0,,
2026-09-03T00:13:59Z,ch14,0,0,0,0,0,,
2026-09-03T00:13:59Z,makorrishon,0,0,0,0,0,,
2026-09-03T00:13:59Z,i24,1,14,49,0,0,0.0,
2026-09-03T00:13:59Z,globes,1,15,50,1,10,0.2,-1.0
2026-09-03T00:13:59Z,themarker,1,29,55,0,0,0.0,
2026-09-03T00:13:59Z,calcalist,0,0,0,0,0,,
2026-09-03T00:41:06Z,ynet,1,129,55,1,1,0.01818,-1.0
2026-09-03T00:41:06Z,walla,1,57,55,0,0,0.0,
2026-09-03T00:41:06Z,n12,1,117,55,4,16,0.29091,-1.0
2026-09-03T00:41:06Z,kan,1,60,55,1,3,0.05455,-1.0
2026-09-03T00:41:06Z,haaretz,1,39,55,1,5,0.09091,-1.0
2026-09-03T00:41:06Z,israelhayom,0,0,0,0,0,,
2026-09-03T00:41:06Z,ch14,0,0,0,0,0,,
2026-09-03T00:41:06Z,makorrishon,0,0,0,0,0,,
2026-09-03T00:41:06Z,i24,1,14,49,0,0,0.0,
2026-09-03T00:41:06Z,globes,1,15,50,1,10,0.2,-1.0
2026-09-03T00:41:06Z,themarker,1,29,55,0,0,0.0,
2026-09-03T00:41:06Z,calcalist,0,0,0,0,0,,
2026-09-03T04:33:29Z,ynet,1,131,55,0,0,0.0,
2026-09-03T04:33:29Z,walla,1,57,55,0,0,0.0,
2026-09-03T04:33:29Z,n12,1,124,55,2,8,0.14545,-1.0
2026-09-03T04:33:29Z,kan,1,59,55,1,5,0.09091,0.0
2026-09-03T04:33:29Z,haaretz,1,40,55,2,4,0.07273,-1.75
2026-09-03T04:33:29Z,israelhayom,0,0,0,0,0,,
2026-09-03T04:33:29Z,ch14,0,0,0,0,0,,
2026-09-03T04:33:29Z,makorrishon,0,0,0,0,0,,
2026-09-03T04:33:29Z,i24,1,14,49,0,0,0.0,
2026-09-03T04:33:29Z,globes,1,15,50,1,10,0.2,-1.0
2026-09-03T04:33:29Z,themarker,1,29,55,0,0,0.0,
2026-09-03T04:33:29Z,calcalist,0,0,0,0,0,,
2026-09-03T05:05:24Z,ynet,1,131,55,0,0,0.0,
2026-09-03T05:05:24Z,walla,1,57,55,0,0,0.0,
2026-09-03T05:05:24Z,n12,1,122,55,2,6,0.10909,-1.0
2026-09-03T05:05:24Z,kan,1,59,55,1,5,0.09091,0.0
2026-09-03T05:05:24Z,haaretz,1,40,55,2,4,0.07273,-1.75
2026-09-03T05:05:24Z,israelhayom,0,0,0,0,0,,
2026-09-03T05:05:24Z,ch14,0,0,0,0,0,,
2026-09-03T05:05:24Z,makorrishon,0,0,0,0,0,,
2026-09-03T05:05:24Z,i24,1,14,49,0,0,0.0,
2026-09-03T05:05:24Z,globes,1,15,50,1,10,0.2,-1.0
2026-09-03T05:05:24Z,themarker,1,29,55,0,0,0.0,
2026-09-03T05:05:24Z,calcalist,0,0,0,0,0,,
2026-09-03T09:46:59Z,ynet,1,131,55,0,0,0.0,
2026-09-03T09:46:59Z,walla,1,56,55,0,0,0.0,
2026-09-03T09:46:59Z,n12,1,118,55,1,5,0.09091,-1.0
2026-09-03T09:46:59Z,kan,1,58,55,1,5,0.09091,-2.0
2026-09-03T09:46:59Z,haaretz,1,40,55,1,1,0.01818,-2.0
2026-09-03T09:46:59Z,israelhayom,0,0,0,0,0,,
2026-09-03T09:46:59Z,ch14,0,0,0,0,0,,
2026-09-03T09:46:59Z,makorrishon,0,0,0,0,0,,
2026-09-03T09:46:59Z,i24,1,13,48,0,0,0.0,
2026-09-03T09:46:59Z,globes,1,15,50,1,10,0.2,-1.0
2026-09-03T09:46:59Z,themarker,1,29,55,0,0,0.0,
2026-09-03T09:46:59Z,calcalist,0,0,0,0,0,,
2026-09-03T10:05:32Z,ynet,1,131,55,0,0,0.0,
2026-09-03T10:05:32Z,walla,1,56,55,0,0,0.0,
2026-09-03T10:05:32Z,n12,1,119,55,1,5,0.09091,-1.0
2026-09-03T10:05:32Z,kan,1,58,55,1,5,0.09091,-2.0
2026-09-03T10:05:32Z,haaretz,1,39,55,1,1,0.01818,-2.0
2026-09-03T10:05:32Z,israelhayom,0,0,0,0,0,,
2026-09-03T10:05:32Z,ch14,0,0,0,0,0,,
2026-09-03T10:05:32Z,makorrishon,0,0,0,0,0,,
2026-09-03T10:05:32Z,i24,1,13,48,0,0,0.0,
2026-09-03T10:05:32Z,globes,1,15,50,1,10,0.2,-1.0
2026-09-03T10:05:32Z,themarker,1,29,55,0,0,0.0,
2026-09-03T10:05:32Z,calcalist,0,0,0,0,0,,
2026-09-03T14:32:55Z,ynet,1,129,55,2,6,0.10909,-1.0
2026-09-03T14:32:55Z,walla,1,53,55,0,0,0.0,
2026-09-03T14:32:55Z,n12,1,119,55,1,1,0.01818,0.0
2026-09-03T14:32:55Z,kan,1,56,55,2,10,0.18182,-1.0
2026-09-03T14:32:55Z,haaretz,1,41,55,1,1,0.01818,0.0
2026-09-03T14:32:55Z,israelhayom,0,0,0,0,0,,
2026-09-03T14:32:55Z,ch14,0,0,0,0,0,,
2026-09-03T14:32:55Z,makorrishon,0,0,0,0,0,,
2026-09-03T14:32:55Z,i24,1,11,46,1,10,0.21739,0.0
2026-09-03T14:32:55Z,globes,1,15,50,1,10,0.2,-1.0
2026-09-03T14:32:55Z,themarker,1,29,55,0,0,0.0,
2026-09-03T14:32:55Z,calcalist,0,0,0,0,0,,
2026-09-03T14:43:30Z,ynet,1,129,55,2,6,0.10909,-1.0
2026-09-03T14:43:30Z,walla,1,53,55,0,0,0.0,
2026-09-03T14:43:30Z,n12,1,119,55,1,1,0.01818,0.0
2026-09-03T14:43:30Z,kan,1,56,55,2,10,0.18182,-1.0
2026-09-03T14:43:30Z,haaretz,1,41,55,1,1,0.01818,0.0
2026-09-03T14:43:30Z,israelhayom,0,0,0,0,0,,
2026-09-03T14:43:30Z,ch14,0,0,0,0,0,,
2026-09-03T14:43:30Z,makorrishon,0,0,0,0,0,,
2026-09-03T14:43:30Z,i24,1,11,46,1,10,0.21739,0.0
2026-09-03T14:43:30Z,globes,1,15,50,1,10,0.2,-1.0
2026-09-03T14:43:30Z,themarker,1,29,55,0,0,0.0,
2026-09-03T14:43:30Z,calcalist,0,0,0,0,0,,
2026-09-03T18:06:13Z,ynet,1,131,55,1,5,0.09091,-1.0
2026-09-03T18:06:13Z,walla,1,52,55,0,0,0.0,
2026-09-03T18:06:13Z,n12,1,120,55,1,10,0.18182,-1.0
2026-09-03T18:06:13Z,kan,1,59,55,1,5,0.09091,-1.0
2026-09-03T18:06:13Z,haaretz,1,40,55,2,10,0.18182,-1.0
2026-09-03T18:06:13Z,israelhayom,0,0,0,0,0,,
2026-09-03T18:06:13Z,ch14,0,0,0,0,0,,
2026-09-03T18:06:13Z,makorrishon,0,0,0,0,0,,
2026-09-03T18:06:13Z,i24,1,13,48,1,5,0.10417,0.0
2026-09-03T18:06:13Z,globes,1,15,50,1,10,0.2,-1.0
2026-09-03T18:06:13Z,themarker,1,28,55,0,0,0.0,
2026-09-03T18:06:13Z,calcalist,0,0,0,0,0,,
2026-09-03T18:37:15Z,ynet,1,131,55,1,5,0.09091,-1.0
2026-09-03T18:37:15Z,walla,1,52,55,0,0,0.0,
2026-09-03T18:37:15Z,n12,1,121,55,1,5,0.09091,-2.0
2026-09-03T18:37:15Z,kan,1,60,55,1,5,0.09091,-1.0
2026-09-03T18:37:15Z,haaretz,1,40,55,2,6,0.10909,-1.0
2026-09-03T18:37:15Z,israelhayom,0,0,0,0,0,,
2026-09-03T18:37:15Z,ch14,0,0,0,0,0,,
2026-09-03T18:37:15Z,makorrishon,0,0,0,0,0,,
2026-09-03T18:37:15Z,i24,1,13,48,1,5,0.10417,0.0
2026-09-03T18:37:15Z,globes,1,15,50,1,10,0.2,-1.0
2026-09-03T18:37:15Z,themarker,1,28,55,0,0,0.0,
2026-09-03T18:37:15Z,calcalist,0,0,0,0,0,,
2026-09-03T21:20:33Z,ynet,1,133,55,3,13,0.23636,-0.769
2026-09-03T21:20:33Z,walla,1,50,55,0,0,0.0,
2026-09-03T21:20:33Z,n12,1,121,55,2,2,0.03636,-0.5
2026-09-03T21:20:33Z,kan,1,58,55,1,5,0.09091,-1.0
2026-09-03T21:20:33Z,haaretz,1,39,55,2,6,0.10909,-1.0
2026-09-03T21:20:33Z,israelhayom,0,0,0,0,0,,
2026-09-03T21:20:33Z,ch14,0,0,0,0,0,,
2026-09-03T21:20:33Z,makorrishon,0,0,0,0,0,,
2026-09-03T21:20:33Z,i24,1,13,48,1,5,0.10417,0.0
2026-09-03T21:20:33Z,globes,1,15,50,1,10,0.2,-1.0
2026-09-03T21:20:33Z,themarker,1,25,55,0,0,0.0,
2026-09-03T21:20:33Z,calcalist,0,0,0,0,0,,
2026-09-03T21:41:55Z,ynet,1,133,55,3,13,0.23636,-0.769
2026-09-03T21:41:55Z,walla,1,50,55,0,0,0.0,
2026-09-03T21:41:55Z,n12,1,121,55,2,2,0.03636,-0.5
2026-09-03T21:41:55Z,kan,1,57,55,1,5,0.09091,-1.0
2026-09-03T21:41:55Z,haaretz,1,39,55,2,6,0.10909,-1.0
2026-09-03T21:41:55Z,israelhayom,0,0,0,0,0,,
2026-09-03T21:41:55Z,ch14,0,0,0,0,0,,
2026-09-03T21:41:55Z,makorrishon,0,0,0,0,0,,
2026-09-03T21:41:55Z,i24,1,13,48,1,5,0.10417,0.0
2026-09-03T21:41:55Z,globes,1,15,50,1,10,0.2,-1.0
2026-09-03T21:41:55Z,themarker,1,25,55,0,0,0.0,
2026-09-03T21:41:55Z,calcalist,0,0,0,0,0,,
2026-09-03T23:31:55Z,ynet,1,133,55,3,13,0.23636,-0.769
2026-09-03T23:31:55Z,walla,1,50,55,0,0,0.0,
2026-09-03T23:31:55Z,n12,1,121,55,2,2,0.03636,-0.5
2026-09-03T23:31:55Z,kan,1,56,55,1,5,0.09091,-1.0
2026-09-03T23:31:55Z,haaretz,1,39,55,2,6,0.10909,-1.0
2026-09-03T23:31:55Z,israelhayom,0,0,0,0,0,,
2026-09-03T23:31:55Z,ch14,0,0,0,0,0,,
2026-09-03T23:31:55Z,makorrishon,0,0,0,0,0,,
2026-09-03T23:31:55Z,i24,1,14,49,1,5,0.10204,0.0
2026-09-03T23:31:55Z,globes,1,15,50,1,10,0.2,-1.0
2026-09-03T23:31:55Z,themarker,1,25,55,0,0,0.0,
2026-09-03T23:31:55Z,calcalist,0,0,0,0,0,,
2026-09-04T00:04:50Z,ynet,1,133,55,3,13,0.23636,-0.769
2026-09-04T00:04:50Z,walla,1,50,55,0,0,0.0,
2026-09-04T00:04:50Z,n12,1,121,55,2,2,0.03636,-0.5
2026-09-04T00:04:50Z,kan,1,56,55,1,5,0.09091,-1.0
2026-09-04T00:04:50Z,haaretz,1,39,55,2,6,0.10909,-1.0
2026-09-04T00:04:50Z,israelhayom,0,0,0,0,0,,
2026-09-04T00:04:50Z,ch14,0,0,0,0,0,,
2026-09-04T00:04:50Z,makorrishon,0,0,0,0,0,,
2026-09-04T00:04:50Z,i24,1,14,49,1,5,0.10204,0.0
2026-09-04T00:04:50Z,globes,1,15,50,1,10,0.2,-1.0
2026-09-04T00:04:50Z,themarker,1,25,55,0,0,0.0,
2026-09-04T00:04:50Z,calcalist,0,0,0,0,0,,
2026-09-04T01:21:54Z,ynet,1,133,55,3,13,0.23636,-0.769
2026-09-04T01:21:54Z,walla,1,50,55,0,0,0.0,
2026-09-04T01:21:54Z,n12,1,121,55,2,2,0.03636,-0.5
2026-09-04T01:21:54Z,kan,1,56,55,1,5,0.09091,-1.0
2026-09-04T01:21:54Z,haaretz,1,39,55,2,6,0.10909,-1.0
2026-09-04T01:21:54Z,israelhayom,0,0,0,0,0,,
2026-09-04T01:21:54Z,ch14,0,0,0,0,0,,
2026-09-04T01:21:54Z,makorrishon,0,0,0,0,0,,
2026-09-04T01:21:54Z,i24,1,14,49,1,5,0.10204,0.0
2026-09-04T01:21:54Z,globes,1,15,50,1,10,0.2,-1.0
2026-09-04T01:21:54Z,themarker,1,25,55,0,0,0.0,
2026-09-04T01:21:54Z,calcalist,0,0,0,0,0,,
2026-09-04T04:29:54Z,ynet,1,134,55,2,10,0.18182,-1.0
2026-09-04T04:29:54Z,walla,1,50,55,0,0,0.0,
2026-09-04T04:29:54Z,n12,1,121,55,1,1,0.01818,-1.0
2026-09-04T04:29:54Z,kan,1,55,55,1,3,0.05455,-1.0
2026-09-04T04:29:54Z,haaretz,1,40,55,2,6,0.10909,-1.0
2026-09-04T04:29:54Z,israelhayom,0,0,0,0,0,,
2026-09-04T04:29:54Z,ch14,0,0,0,0,0,,
2026-09-04T04:29:54Z,makorrishon,0,0,0,0,0,,
2026-09-04T04:29:54Z,i24,1,14,49,1,5,0.10204,0.0
2026-09-04T04:29:54Z,globes,1,15,50,1,10,0.2,-1.0
2026-09-04T04:29:54Z,themarker,1,30,55,0,0,0.0,
2026-09-04T04:29:54Z,calcalist,0,0,0,0,0,,
2026-09-04T06:32:05Z,ynet,1,135,55,1,1,0.01818,-1.0
2026-09-04T06:32:05Z,walla,1,51,55,0,0,0.0,
2026-09-04T06:32:05Z,n12,1,121,55,2,15,0.27273,-1.667
2026-09-04T06:32:05Z,kan,1,56,55,0,0,0.0,
2026-09-04T06:32:05Z,haaretz,1,62,55,2,6,0.10909,-1.0
2026-09-04T06:32:05Z,israelhayom,0,0,0,0,0,,
2026-09-04T06:32:05Z,ch14,0,0,0,0,0,,
2026-09-04T06:32:05Z,makorrishon,0,0,0,0,0,,
2026-09-04T06:32:05Z,i24,1,14,49,1,5,0.10204,0.0
2026-09-04T06:32:05Z,globes,1,15,50,1,10,0.2,-1.0
2026-09-04T06:32:05Z,themarker,1,33,55,0,0,0.0,
2026-09-04T06:32:05Z,calcalist,0,0,0,0,0,,
2026-09-04T09:37:17Z,ynet,1,130,55,1,1,0.01818,-1.0
2026-09-04T09:37:17Z,walla,1,51,55,0,0,0.0,
2026-09-04T09:37:17Z,n12,1,121,55,2,6,0.10909,-1.167
2026-09-04T09:37:17Z,kan,1,56,55,0,0,0.0,
2026-09-04T09:37:17Z,haaretz,1,61,55,1,5,0.09091,-1.0
2026-09-04T09:37:17Z,israelhayom,0,0,0,0,0,,
2026-09-04T09:37:17Z,ch14,0,0,0,0,0,,
2026-09-04T09:37:17Z,makorrishon,0,0,0,0,0,,
2026-09-04T09:37:17Z,i24,1,15,50,1,5,0.1,0.0
2026-09-04T09:37:17Z,globes,1,15,50,1,10,0.2,-1.0
2026-09-04T09:37:17Z,themarker,1,34,55,0,0,0.0,
2026-09-04T09:37:17Z,calcalist,0,0,0,0,0,,
2026-09-04T11:44:50Z,ynet,1,132,55,2,2,0.03636,-1.0
2026-09-04T11:44:50Z,walla,1,51,55,1,5,0.09091,-1.0
2026-09-04T11:44:50Z,n12,1,121,55,2,4,0.07273,-1.25
2026-09-04T11:44:50Z,kan,1,56,55,0,0,0.0,
2026-09-04T11:44:50Z,haaretz,1,61,55,1,1,0.01818,-1.0
2026-09-04T11:44:50Z,israelhayom,0,0,0,0,0,,
2026-09-04T11:44:50Z,ch14,0,0,0,0,0,,
2026-09-04T11:44:50Z,makorrishon,0,0,0,0,0,,
2026-09-04T11:44:50Z,i24,1,16,51,1,5,0.09804,0.0
2026-09-04T11:44:50Z,globes,1,15,50,1,10,0.2,-1.0
2026-09-04T11:44:50Z,themarker,1,31,55,0,0,0.0,
2026-09-04T11:44:50Z,calcalist,0,0,0,0,0,,
2026-09-04T14:20:39Z,ynet,1,131,55,2,2,0.03636,-1.0
2026-09-04T14:20:39Z,walla,1,51,55,1,5,0.09091,-1.0
2026-09-04T14:20:39Z,n12,1,121,55,1,5,0.09091,-1.0
2026-09-04T14:20:39Z,kan,1,56,55,0,0,0.0,
2026-09-04T14:20:39Z,haaretz,1,62,55,1,1,0.01818,-1.0
2026-09-04T14:20:39Z,israelhayom,0,0,0,0,0,,
2026-09-04T14:20:39Z,ch14,0,0,0,0,0,,
2026-09-04T14:20:39Z,makorrishon,0,0,0,0,0,,
2026-09-04T14:20:39Z,i24,1,17,52,1,5,0.09615,0.0
2026-09-04T14:20:39Z,globes,1,15,50,1,10,0.2,-1.0
2026-09-04T14:20:39Z,themarker,1,31,55,0,0,0.0,
2026-09-04T14:20:39Z,calcalist,0,0,0,0,0,,
2026-09-04T15:07:25Z,ynet,1,131,55,2,2,0.03636,-1.0
2026-09-04T15:07:25Z,walla,1,51,55,1,5,0.09091,-1.0
2026-09-04T15:07:25Z,n12,1,121,55,1,5,0.09091,-1.0
2026-09-04T15:07:25Z,kan,1,57,55,0,0,0.0,
2026-09-04T15:07:25Z,haaretz,1,62,55,1,1,0.01818,-1.0
2026-09-04T15:07:25Z,israelhayom,0,0,0,0,0,,
2026-09-04T15:07:25Z,ch14,0,0,0,0,0,,
2026-09-04T15:07:25Z,makorrishon,0,0,0,0,0,,
2026-09-04T15:07:25Z,i24,1,17,52,1,5,0.09615,0.0
2026-09-04T15:07:25Z,globes,1,15,50,1,10,0.2,-1.0
2026-09-04T15:07:25Z,themarker,1,31,55,0,0,0.0,
2026-09-04T15:07:25Z,calcalist,0,0,0,0,0,,
2026-09-04T18:23:37Z,ynet,1,129,55,1,1,0.01818,-1.0
2026-09-04T18:23:37Z,walla,1,51,55,1,3,0.05455,-1.0
2026-09-04T18:23:37Z,n12,1,122,55,0,0,0.0,
2026-09-04T18:23:37Z,kan,1,57,55,0,0,0.0,
2026-09-04T18:23:37Z,haaretz,1,59,55,1,1,0.01818,-1.0
2026-09-04T18:23:37Z,israelhayom,0,0,0,0,0,,
2026-09-04T18:23:37Z,ch14,0,0,0,0,0,,
2026-09-04T18:23:37Z,makorrishon,0,0,0,0,0,,
2026-09-04T18:23:37Z,i24,1,18,53,1,1,0.01887,0.0
2026-09-04T18:23:37Z,globes,1,15,50,1,10,0.2,-1.0
2026-09-04T18:23:37Z,themarker,1,31,55,0,0,0.0,
2026-09-04T18:23:37Z,calcalist,0,0,0,0,0,,
2026-09-04T18:33:35Z,ynet,1,129,55,1,1,0.01818,-1.0
2026-09-04T18:33:35Z,walla,1,51,55,1,3,0.05455,-1.0
2026-09-04T18:33:35Z,n12,1,122,55,0,0,0.0,
2026-09-04T18:33:35Z,kan,1,57,55,0,0,0.0,
2026-09-04T18:33:35Z,haaretz,1,59,55,1,1,0.01818,-1.0
2026-09-04T18:33:35Z,israelhayom,0,0,0,0,0,,
2026-09-04T18:33:35Z,ch14,0,0,0,0,0,,
2026-09-04T18:33:35Z,makorrishon,0,0,0,0,0,,
2026-09-04T18:33:35Z,i24,1,18,53,1,1,0.01887,0.0
2026-09-04T18:33:35Z,globes,1,15,50,1,10,0.2,-1.0
2026-09-04T18:33:35Z,themarker,1,31,55,0,0,0.0,
2026-09-04T18:33:35Z,calcalist,0,0,0,0,0,,
2026-09-04T21:02:54Z,ynet,1,130,55,0,0,0.0,
2026-09-04T21:02:54Z,walla,1,49,55,1,1,0.01818,-1.0
2026-09-04T21:02:54Z,n12,1,123,55,2,6,0.10909,-1.0
2026-09-04T21:02:54Z,kan,1,59,55,0,0,0.0,
2026-09-04T21:02:54Z,haaretz,1,59,55,0,0,0.0,
2026-09-04T21:02:54Z,israelhayom,0,0,0,0,0,,
2026-09-04T21:02:54Z,ch14,0,0,0,0,0,,
2026-09-04T21:02:54Z,makorrishon,0,0,0,0,0,,
2026-09-04T21:02:54Z,i24,1,17,52,1,1,0.01923,0.0
2026-09-04T21:02:54Z,globes,1,15,50,1,10,0.2,-1.0
2026-09-04T21:02:54Z,themarker,1,31,55,0,0,0.0,
2026-09-04T21:02:54Z,calcalist,0,0,0,0,0,,
2026-09-04T21:27:13Z,ynet,1,129,55,0,0,0.0,
2026-09-04T21:27:13Z,walla,1,49,55,1,1,0.01818,-1.0
2026-09-04T21:27:13Z,n12,0,0,0,0,0,,
2026-09-04T21:27:13Z,kan,1,59,55,0,0,0.0,
2026-09-04T21:27:13Z,haaretz,1,59,55,0,0,0.0,
2026-09-04T21:27:13Z,israelhayom,0,0,0,0,0,,
2026-09-04T21:27:13Z,ch14,0,0,0,0,0,,
2026-09-04T21:27:13Z,makorrishon,0,0,0,0,0,,
2026-09-04T21:27:13Z,i24,1,17,52,1,1,0.01923,0.0
2026-09-04T21:27:13Z,globes,1,15,50,1,10,0.2,-1.0
2026-09-04T21:27:13Z,themarker,1,31,55,0,0,0.0,
2026-09-04T21:27:13Z,calcalist,0,0,0,0,0,,
2026-09-04T23:20:30Z,ynet,1,129,55,0,0,0.0,
2026-09-04T23:20:30Z,walla,1,49,55,1,1,0.01818,-1.0
2026-09-04T23:20:30Z,n12,1,123,55,2,6,0.10909,-1.0
2026-09-04T23:20:30Z,kan,1,58,55,0,0,0.0,
2026-09-04T23:20:30Z,haaretz,1,59,55,0,0,0.0,
2026-09-04T23:20:30Z,israelhayom,0,0,0,0,0,,
2026-09-04T23:20:30Z,ch14,0,0,0,0,0,,
2026-09-04T23:20:30Z,makorrishon,0,0,0,0,0,,
2026-09-04T23:20:30Z,i24,1,17,52,1,1,0.01923,0.0
2026-09-04T23:20:30Z,globes,1,15,50,1,10,0.2,-1.0
2026-09-04T23:20:30Z,themarker,1,31,55,0,0,0.0,
2026-09-04T23:20:30Z,calcalist,0,0,0,0,0,,
2026-09-05T00:03:17Z,ynet,1,129,55,0,0,0.0,
2026-09-05T00:03:17Z,walla,1,49,55,1,1,0.01818,-1.0
2026-09-05T00:03:17Z,n12,1,123,55,2,6,0.10909,-1.0
2026-09-05T00:03:17Z,kan,1,58,55,0,0,0.0,
2026-09-05T00:03:17Z,haaretz,1,59,55,0,0,0.0,
2026-09-05T00:03:17Z,israelhayom,0,0,0,0,0,,
2026-09-05T00:03:17Z,ch14,0,0,0,0,0,,
2026-09-05T00:03:17Z,makorrishon,0,0,0,0,0,,
2026-09-05T00:03:17Z,i24,1,17,52,1,1,0.01923,0.0
2026-09-05T00:03:17Z,globes,1,15,50,1,10,0.2,-1.0
2026-09-05T00:03:17Z,themarker,1,31,55,0,0,0.0,
2026-09-05T00:03:17Z,calcalist,0,0,0,0,0,,
2026-09-05T01:25:02Z,ynet,1,129,55,0,0,0.0,
2026-09-05T01:25:02Z,walla,1,49,55,1,1,0.01818,-1.0
2026-09-05T01:25:02Z,n12,1,123,55,2,6,0.10909,-1.0
2026-09-05T01:25:02Z,kan,1,58,55,0,0,0.0,
2026-09-05T01:25:02Z,haaretz,1,59,55,0,0,0.0,
2026-09-05T01:25:02Z,israelhayom,0,0,0,0,0,,
2026-09-05T01:25:02Z,ch14,0,0,0,0,0,,
2026-09-05T01:25:02Z,makorrishon,0,0,0,0,0,,
2026-09-05T01:25:02Z,i24,1,17,52,1,1,0.01923,0.0
2026-09-05T01:25:02Z,globes,1,15,50,1,10,0.2,-1.0
2026-09-05T01:25:02Z,themarker,1,31,55,0,0,0.0,
2026-09-05T01:25:02Z,calcalist,0,0,0,0,0,,
2026-09-05T04:24:25Z,ynet,1,130,55,0,0,0.0,
2026-09-05T04:24:25Z,walla,1,50,55,1,1,0.01818,-1.0
2026-09-05T04:24:25Z,n12,1,124,55,2,4,0.07273,-1.0
2026-09-05T04:24:25Z,kan,1,59,55,0,0,0.0,
2026-09-05T04:24:25Z,haaretz,1,58,55,3,11,0.2,-1.0
2026-09-05T04:24:25Z,israelhayom,0,0,0,0,0,,
2026-09-05T04:24:25Z,ch14,0,0,0,0,0,,
2026-09-05T04:24:25Z,makorrishon,0,0,0,0,0,,
2026-09-05T04:24:25Z,i24,1,17,52,1,1,0.01923,0.0
2026-09-05T04:24:25Z,globes,1,15,50,1,10,0.2,-1.0
2026-09-05T04:24:25Z,themarker,1,31,55,0,0,0.0,
2026-09-05T04:24:25Z,calcalist,0,0,0,0,0,,
2026-09-05T06:18:57Z,ynet,1,130,55,0,0,0.0,
2026-09-05T06:18:57Z,walla,1,50,55,1,1,0.01818,-1.0
2026-09-05T06:18:57Z,n12,1,123,55,1,1,0.01818,-1.0
2026-09-05T06:18:57Z,kan,1,58,55,0,0,0.0,
2026-09-05T06:18:57Z,haaretz,1,58,55,3,11,0.2,-1.0
2026-09-05T06:18:57Z,israelhayom,0,0,0,0,0,,
2026-09-05T06:18:57Z,ch14,0,0,0,0,0,,
2026-09-05T06:18:57Z,makorrishon,0,0,0,0,0,,
2026-09-05T06:18:57Z,i24,1,17,52,1,1,0.01923,0.0
2026-09-05T06:18:57Z,globes,1,15,50,1,10,0.2,-1.0
2026-09-05T06:18:57Z,themarker,1,31,55,0,0,0.0,
2026-09-05T06:18:57Z,calcalist,0,0,0,0,0,,
2026-09-05T09:03:10Z,ynet,1,128,55,0,0,0.0,
2026-09-05T09:03:10Z,walla,1,50,55,0,0,0.0,
2026-09-05T09:03:10Z,n12,1,118,55,1,5,0.09091,-1.0
2026-09-05T09:03:10Z,kan,1,58,55,1,5,0.09091,-1.0
2026-09-05T09:03:10Z,haaretz,1,58,55,1,1,0.01818,-1.0
2026-09-05T09:03:10Z,israelhayom,0,0,0,0,0,,
2026-09-05T09:03:10Z,ch14,0,0,0,0,0,,
2026-09-05T09:03:10Z,makorrishon,0,0,0,0,0,,
2026-09-05T09:03:10Z,i24,1,16,51,1,1,0.01961,0.0
2026-09-05T09:03:10Z,globes,1,15,50,1,10,0.2,-1.0
2026-09-05T09:03:10Z,themarker,1,31,55,0,0,0.0,
2026-09-05T09:03:10Z,calcalist,0,0,0,0,0,,
2026-09-05T10:55:36Z,ynet,1,130,55,0,0,0.0,
2026-09-05T10:55:36Z,walla,1,50,55,0,0,0.0,
2026-09-05T10:55:36Z,n12,1,118,55,3,7,0.12727,-1.571
2026-09-05T10:55:36Z,kan,1,58,55,1,5,0.09091,-1.0
2026-09-05T10:55:36Z,haaretz,1,58,55,1,1,0.01818,-1.0
2026-09-05T10:55:36Z,israelhayom,0,0,0,0,0,,
2026-09-05T10:55:36Z,ch14,0,0,0,0,0,,
2026-09-05T10:55:36Z,makorrishon,0,0,0,0,0,,
2026-09-05T10:55:36Z,i24,1,17,52,1,1,0.01923,0.0
2026-09-05T10:55:36Z,globes,1,15,50,1,10,0.2,-1.0
2026-09-05T10:55:36Z,themarker,1,31,55,0,0,0.0,
2026-09-05T10:55:36Z,calcalist,0,0,0,0,0,,
2026-09-05T12:41:47Z,ynet,1,131,55,0,0,0.0,
2026-09-05T12:41:47Z,walla,1,50,55,0,0,0.0,
2026-09-05T12:41:47Z,n12,1,122,55,0,0,0.0,
2026-09-05T12:41:47Z,kan,1,60,55,1,3,0.05455,-1.0
2026-09-05T12:41:47Z,haaretz,1,59,55,1,1,0.01818,-1.0
2026-09-05T12:41:47Z,israelhayom,0,0,0,0,0,,
2026-09-05T12:41:47Z,ch14,0,0,0,0,0,,
2026-09-05T12:41:47Z,makorrishon,0,0,0,0,0,,
2026-09-05T12:41:47Z,i24,1,17,52,1,1,0.01923,0.0
2026-09-05T12:41:47Z,globes,1,15,50,1,10,0.2,-1.0
2026-09-05T12:41:47Z,themarker,1,30,55,0,0,0.0,
2026-09-05T12:41:47Z,calcalist,0,0,0,0,0,,
2026-09-05T14:00:25Z,ynet,1,131,55,0,0,0.0,
2026-09-05T14:00:25Z,walla,1,51,55,0,0,0.0,
2026-09-05T14:00:25Z,n12,1,120,55,0,0,0.0,
2026-09-05T14:00:25Z,kan,1,60,55,1,3,0.05455,-1.0
2026-09-05T14:00:25Z,haaretz,1,59,55,1,1,0.01818,-1.0
2026-09-05T14:00:25Z,israelhayom,0,0,0,0,0,,
2026-09-05T14:00:25Z,ch14,0,0,0,0,0,,
2026-09-05T14:00:25Z,makorrishon,0,0,0,0,0,,
2026-09-05T14:00:25Z,i24,1,18,53,1,1,0.01887,0.0
2026-09-05T14:00:25Z,globes,1,15,50,1,10,0.2,-1.0
2026-09-05T14:00:25Z,themarker,1,30,55,0,0,0.0,
2026-09-05T14:00:25Z,calcalist,0,0,0,0,0,,
2026-09-05T16:03:23Z,ynet,1,129,55,0,0,0.0,
2026-09-05T16:03:23Z,walla,1,51,55,0,0,0.0,
2026-09-05T16:03:23Z,n12,1,120,55,0,0,0.0,
2026-09-05T16:03:23Z,kan,1,58,55,1,5,0.09091,-1.0
2026-09-05T16:03:23Z,haaretz,1,52,55,0,0,0.0,
2026-09-05T16:03:23Z,israelhayom,0,0,0,0,0,,
2026-09-05T16:03:23Z,ch14,0,0,0,0,0,,
2026-09-05T16:03:23Z,makorrishon,0,0,0,0,0,,
2026-09-05T16:03:23Z,i24,1,17,52,1,1,0.01923,0.0
2026-09-05T16:03:23Z,globes,1,15,50,1,10,0.2,-1.0
2026-09-05T16:03:23Z,themarker,1,31,55,1,5,0.09091,-1.0
2026-09-05T16:03:23Z,calcalist,0,0,0,0,0,,
2026-09-05T16:57:02Z,ynet,1,130,55,1,3,0.05455,-1.0
2026-09-05T16:57:02Z,walla,1,51,55,0,0,0.0,
2026-09-05T16:57:02Z,n12,1,121,55,0,0,0.0,
2026-09-05T16:57:02Z,kan,1,58,55,1,3,0.05455,-1.0
2026-09-05T16:57:02Z,haaretz,1,52,55,0,0,0.0,
2026-09-05T16:57:02Z,israelhayom,0,0,0,0,0,,
2026-09-05T16:57:02Z,ch14,0,0,0,0,0,,
2026-09-05T16:57:02Z,makorrishon,0,0,0,0,0,,
2026-09-05T16:57:02Z,i24,1,17,52,1,1,0.01923,0.0
2026-09-05T16:57:02Z,globes,1,15,50,1,10,0.2,-1.0
2026-09-05T16:57:02Z,themarker,1,31,55,1,5,0.09091,-1.0
2026-09-05T16:57:02Z,calcalist,0,0,0,0,0,,
2026-09-05T18:16:31Z,ynet,1,134,55,0,0,0.0,
2026-09-05T18:16:31Z,walla,1,49,55,0,0,0.0,
2026-09-05T18:16:31Z,n12,1,121,55,0,0,0.0,
2026-09-05T18:16:31Z,kan,1,59,55,0,0,0.0,
2026-09-05T18:16:31Z,haaretz,1,52,55,0,0,0.0,
2026-09-05T18:16:31Z,israelhayom,0,0,0,0,0,,
2026-09-05T18:16:31Z,ch14,0,0,0,0,0,,
2026-09-05T18:16:31Z,makorrishon,0,0,0,0,0,,
2026-09-05T18:16:31Z,i24,1,16,51,1,1,0.01961,0.0
2026-09-05T18:16:31Z,globes,1,15,50,1,10,0.2,-1.0
2026-09-05T18:16:31Z,themarker,1,29,55,1,5,0.09091,-1.0
2026-09-05T18:16:31Z,calcalist,0,0,0,0,0,,
2026-09-05T19:30:50Z,ynet,1,129,55,0,0,0.0,
2026-09-05T19:30:50Z,walla,1,50,55,0,0,0.0,
2026-09-05T19:30:50Z,n12,1,122,55,1,10,0.18182,-1.0
2026-09-05T19:30:50Z,kan,1,58,55,0,0,0.0,
2026-09-05T19:30:50Z,haaretz,1,52,55,0,0,0.0,
2026-09-05T19:30:50Z,israelhayom,0,0,0,0,0,,
2026-09-05T19:30:50Z,ch14,0,0,0,0,0,,
2026-09-05T19:30:50Z,makorrishon,0,0,0,0,0,,
2026-09-05T19:30:50Z,i24,1,17,52,1,1,0.01923,0.0
2026-09-05T19:30:50Z,globes,1,15,50,1,10,0.2,-1.0
2026-09-05T19:30:50Z,themarker,1,29,55,0,0,0.0,
2026-09-05T19:30:50Z,calcalist,0,0,0,0,0,,
2026-09-05T20:25:00Z,ynet,1,129,55,0,0,0.0,
2026-09-05T20:25:00Z,walla,1,49,55,0,0,0.0,
2026-09-05T20:25:00Z,n12,1,122,55,1,5,0.09091,-1.0
2026-09-05T20:25:00Z,kan,1,59,55,0,0,0.0,
2026-09-05T20:25:00Z,haaretz,1,52,55,0,0,0.0,
2026-09-05T20:25:00Z,israelhayom,0,0,0,0,0,,
2026-09-05T20:25:00Z,ch14,0,0,0,0,0,,
2026-09-05T20:25:00Z,makorrishon,0,0,0,0,0,,
2026-09-05T20:25:00Z,i24,1,17,52,1,1,0.01923,0.0
2026-09-05T20:25:00Z,globes,1,15,50,1,10,0.2,-1.0
2026-09-05T20:25:00Z,themarker,1,29,55,0,0,0.0,
2026-09-05T20:25:00Z,calcalist,0,0,0,0,0,,
2026-09-05T21:43:12Z,ynet,1,130,55,2,4,0.07273,-2.0
2026-09-05T21:43:12Z,walla,1,51,55,0,0,0.0,
2026-09-05T21:43:12Z,n12,1,122,55,1,5,0.09091,-1.0
2026-09-05T21:43:12Z,kan,1,59,55,0,0,0.0,
2026-09-05T21:43:12Z,haaretz,1,52,55,0,0,0.0,
2026-09-05T21:43:12Z,israelhayom,0,0,0,0,0,,
2026-09-05T21:43:12Z,ch14,0,0,0,0,0,,
2026-09-05T21:43:12Z,makorrishon,0,0,0,0,0,,
2026-09-05T21:43:12Z,i24,1,17,52,1,1,0.01923,0.0
2026-09-05T21:43:12Z,globes,1,15,50,1,10,0.2,-1.0
2026-09-05T21:43:12Z,themarker,1,29,55,0,0,0.0,
2026-09-05T21:43:12Z,calcalist,0,0,0,0,0,,
2026-09-05T22:53:34Z,ynet,1,130,55,2,4,0.07273,-2.0
2026-09-05T22:53:34Z,walla,1,51,55,0,0,0.0,
2026-09-05T22:53:34Z,n12,1,122,55,1,5,0.09091,-1.0
2026-09-05T22:53:34Z,kan,1,59,55,0,0,0.0,
2026-09-05T22:53:34Z,haaretz,1,52,55,0,0,0.0,
2026-09-05T22:53:34Z,israelhayom,0,0,0,0,0,,
2026-09-05T22:53:34Z,ch14,0,0,0,0,0,,
2026-09-05T22:53:34Z,makorrishon,0,0,0,0,0,,
2026-09-05T22:53:34Z,i24,1,16,51,1,1,0.01961,0.0
2026-09-05T22:53:34Z,globes,1,15,50,1,10,0.2,-1.0
2026-09-05T22:53:34Z,themarker,1,29,55,0,0,0.0,
2026-09-05T22:53:34Z,calcalist,0,0,0,0,0,,
2026-09-05T23:19:39Z,ynet,1,130,55,2,4,0.07273,-2.0
2026-09-05T23:19:39Z,walla,1,51,55,0,0,0.0,
2026-09-05T23:19:39Z,n12,1,122,55,1,5,0.09091,-1.0
2026-09-05T23:19:39Z,kan,1,59,55,0,0,0.0,
2026-09-05T23:19:39Z,haaretz,1,52,55,0,0,0.0,
2026-09-05T23:19:39Z,israelhayom,0,0,0,0,0,,
2026-09-05T23:19:39Z,ch14,0,0,0,0,0,,
2026-09-05T23:19:39Z,makorrishon,0,0,0,0,0,,
2026-09-05T23:19:39Z,i24,1,16,51,1,1,0.01961,0.0
2026-09-05T23:19:39Z,globes,1,15,50,1,10,0.2,-1.0
2026-09-05T23:19:39Z,themarker,1,29,55,0,0,0.0,
2026-09-05T23:19:39Z,calcalist,0,0,0,0,0,,
2026-09-06T00:55:08Z,ynet,1,130,55,2,4,0.07273,-2.0
2026-09-06T00:55:08Z,walla,1,51,55,0,0,0.0,
2026-09-06T00:55:08Z,n12,1,122,55,1,5,0.09091,-1.0
2026-09-06T00:55:08Z,kan,1,59,55,0,0,0.0,
2026-09-06T00:55:08Z,haaretz,1,52,55,0,0,0.0,
2026-09-06T00:55:08Z,israelhayom,0,0,0,0,0,,
2026-09-06T00:55:08Z,ch14,0,0,0,0,0,,
2026-09-06T00:55:08Z,makorrishon,0,0,0,0,0,,
2026-09-06T00:55:08Z,i24,1,16,51,1,1,0.01961,0.0
2026-09-06T00:55:08Z,globes,1,15,50,1,10,0.2,-1.0
2026-09-06T00:55:08Z,themarker,1,29,55,0,0,0.0,
2026-09-06T00:55:08Z,calcalist,0,0,0,0,0,,
2026-09-06T01:20:18Z,ynet,1,130,55,2,4,0.07273,-2.0
2026-09-06T01:20:18Z,walla,1,51,55,0,0,0.0,
2026-09-06T01:20:18Z,n12,1,122,55,1,5,0.09091,-1.0
2026-09-06T01:20:18Z,kan,1,59,55,0,0,0.0,
2026-09-06T01:20:18Z,haaretz,1,52,55,0,0,0.0,
2026-09-06T01:20:18Z,israelhayom,0,0,0,0,0,,
2026-09-06T01:20:18Z,ch14,0,0,0,0,0,,
2026-09-06T01:20:18Z,makorrishon,0,0,0,0,0,,
2026-09-06T01:20:18Z,i24,1,16,51,1,1,0.01961,0.0
2026-09-06T01:20:18Z,globes,1,15,50,1,10,0.2,-1.0
2026-09-06T01:20:18Z,themarker,1,29,55,0,0,0.0,
2026-09-06T01:20:18Z,calcalist,0,0,0,0,0,,
2026-09-06T05:56:07Z,ynet,1,132,55,1,5,0.09091,0.0
2026-09-06T05:56:07Z,walla,1,53,55,0,0,0.0,
2026-09-06T05:56:07Z,n12,1,120,55,2,4,0.07273,0.0
2026-09-06T05:56:07Z,kan,1,58,55,1,5,0.09091,0.0
2026-09-06T05:56:07Z,haaretz,1,41,55,2,4,0.07273,-1.75
2026-09-06T05:56:07Z,israelhayom,0,0,0,0,0,,
2026-09-06T05:56:07Z,ch14,0,0,0,0,0,,
2026-09-06T05:56:07Z,makorrishon,0,0,0,0,0,,
2026-09-06T05:56:07Z,i24,1,18,53,1,1,0.01887,0.0
2026-09-06T05:56:07Z,globes,1,15,50,1,10,0.2,-1.0
2026-09-06T05:56:07Z,themarker,1,28,55,0,0,0.0,
2026-09-06T05:56:07Z,calcalist,0,0,0,0,0,,
2026-09-06T06:30:27Z,ynet,1,132,55,1,1,0.01818,-1.0
2026-09-06T06:30:27Z,walla,1,54,55,0,0,0.0,
2026-09-06T06:30:27Z,n12,1,121,55,2,2,0.03636,0.0
2026-09-06T06:30:27Z,kan,1,59,55,1,5,0.09091,0.0
2026-09-06T06:30:27Z,haaretz,1,41,55,3,11,0.2,-1.0
2026-09-06T06:30:27Z,israelhayom,0,0,0,0,0,,
2026-09-06T06:30:27Z,ch14,0,0,0,0,0,,
2026-09-06T06:30:27Z,makorrishon,0,0,0,0,0,,
2026-09-06T06:30:27Z,i24,1,18,53,1,1,0.01887,0.0
2026-09-06T06:30:27Z,globes,1,15,50,1,10,0.2,-1.0
2026-09-06T06:30:27Z,themarker,1,28,55,0,0,0.0,
2026-09-06T06:30:27Z,calcalist,0,0,0,0,0,,
2026-09-06T10:53:45Z,ynet,1,131,55,0,0,0.0,
2026-09-06T10:53:45Z,walla,1,52,55,0,0,0.0,
2026-09-06T10:53:45Z,n12,1,117,55,0,0,0.0,
2026-09-06T10:53:45Z,kan,1,59,55,0,0,0.0,
2026-09-06T10:53:45Z,haaretz,1,40,55,2,2,0.03636,0.0
2026-09-06T10:53:45Z,israelhayom,0,0,0,0,0,,
2026-09-06T10:53:45Z,ch14,0,0,0,0,0,,
2026-09-06T10:53:45Z,makorrishon,0,0,0,0,0,,
2026-09-06T10:53:45Z,i24,1,18,53,1,1,0.01887,0.0
2026-09-06T10:53:45Z,globes,1,15,50,1,10,0.2,-1.0
2026-09-06T10:53:45Z,themarker,1,32,55,1,3,0.05455,-1.0
2026-09-06T10:53:45Z,calcalist,0,0,0,0,0,,
2026-09-06T11:21:24Z,ynet,1,132,55,0,0,0.0,
2026-09-06T11:21:24Z,walla,1,52,55,0,0,0.0,
2026-09-06T11:21:24Z,n12,1,118,55,0,0,0.0,
2026-09-06T11:21:24Z,kan,1,60,55,0,0,0.0,
2026-09-06T11:21:24Z,haaretz,1,40,55,1,1,0.01818,0.0
2026-09-06T11:21:24Z,israelhayom,0,0,0,0,0,,
2026-09-06T11:21:24Z,ch14,0,0,0,0,0,,
2026-09-06T11:21:24Z,makorrishon,0,0,0,0,0,,
2026-09-06T11:21:24Z,i24,1,18,53,1,1,0.01887,0.0
2026-09-06T11:21:24Z,globes,1,15,50,1,10,0.2,-1.0
2026-09-06T11:21:24Z,themarker,1,32,55,1,3,0.05455,-1.0
2026-09-06T11:21:24Z,calcalist,0,0,0,0,0,,
2026-09-06T14:09:30Z,ynet,1,132,55,0,0,0.0,
2026-09-06T14:09:30Z,walla,1,54,55,0,0,0.0,
2026-09-06T14:09:30Z,n12,1,112,55,0,0,0.0,
2026-09-06T14:09:30Z,kan,1,58,55,0,0,0.0,
2026-09-06T14:09:30Z,haaretz,1,39,55,0,0,0.0,
2026-09-06T14:09:30Z,israelhayom,0,0,0,0,0,,
2026-09-06T14:09:30Z,ch14,0,0,0,0,0,,
2026-09-06T14:09:30Z,makorrishon,0,0,0,0,0,,
2026-09-06T14:09:30Z,i24,1,19,54,1,1,0.01852,0.0
2026-09-06T14:09:30Z,globes,1,15,50,1,10,0.2,-1.0
2026-09-06T14:09:30Z,themarker,1,34,55,0,0,0.0,
2026-09-06T14:09:30Z,calcalist,0,0,0,0,0,,
2026-09-06T14:24:17Z,ynet,1,133,55,0,0,0.0,
2026-09-06T14:24:17Z,walla,1,53,55,0,0,0.0,
2026-09-06T14:24:17Z,n12,1,113,55,0,0,0.0,
2026-09-06T14:24:17Z,kan,1,58,55,0,0,0.0,
2026-09-06T14:24:17Z,haaretz,1,39,55,0,0,0.0,
2026-09-06T14:24:17Z,israelhayom,0,0,0,0,0,,
2026-09-06T14:24:17Z,ch14,0,0,0,0,0,,
2026-09-06T14:24:17Z,makorrishon,0,0,0,0,0,,
2026-09-06T14:24:17Z,i24,1,18,53,1,1,0.01887,0.0
2026-09-06T14:24:17Z,globes,1,15,50,1,10,0.2,-1.0
2026-09-06T14:24:17Z,themarker,1,34,55,0,0,0.0,
2026-09-06T14:24:17Z,calcalist,0,0,0,0,0,,
2026-09-06T17:01:18Z,ynet,1,134,55,0,0,0.0,
2026-09-06T17:01:18Z,walla,1,57,55,0,0,0.0,
2026-09-06T17:01:18Z,n12,1,114,55,0,0,0.0,
2026-09-06T17:01:18Z,kan,1,57,55,0,0,0.0,
2026-09-06T17:01:18Z,haaretz,1,40,55,0,0,0.0,
2026-09-06T17:01:18Z,israelhayom,0,0,0,0,0,,
2026-09-06T17:01:18Z,ch14,0,0,0,0,0,,
2026-09-06T17:01:18Z,makorrishon,0,0,0,0,0,,
2026-09-06T17:01:18Z,i24,1,19,54,1,5,0.09259,0.0
2026-09-06T17:01:18Z,globes,1,15,50,1,10,0.2,-1.0
2026-09-06T17:01:18Z,themarker,1,31,55,1,1,0.01818,-1.0
2026-09-06T17:01:18Z,calcalist,0,0,0,0,0,,
2026-09-06T17:21:04Z,ynet,1,135,55,0,0,0.0,
2026-09-06T17:21:04Z,walla,1,57,55,0,0,0.0,
2026-09-06T17:21:04Z,n12,1,115,55,0,0,0.0,
2026-09-06T17:21:04Z,kan,1,57,55,1,3,0.05455,0.0
2026-09-06T17:21:04Z,haaretz,1,40,55,0,0,0.0,
2026-09-06T17:21:04Z,israelhayom,0,0,0,0,0,,
2026-09-06T17:21:04Z,ch14,0,0,0,0,0,,
2026-09-06T17:21:04Z,makorrishon,0,0,0,0,0,,
2026-09-06T17:21:04Z,i24,1,19,54,1,5,0.09259,0.0
2026-09-06T17:21:04Z,globes,1,15,50,1,10,0.2,-1.0
2026-09-06T17:21:04Z,themarker,1,31,55,1,1,0.01818,-1.0
2026-09-06T17:21:04Z,calcalist,0,0,0,0,0,,
2026-09-06T19:09:22Z,ynet,1,130,55,1,1,0.01818,0.0
2026-09-06T19:09:22Z,walla,1,55,55,0,0,0.0,
2026-09-06T19:09:22Z,n12,1,119,55,1,5,0.09091,0.0
2026-09-06T19:09:22Z,kan,1,59,55,1,3,0.05455,0.0
2026-09-06T19:09:22Z,haaretz,1,39,55,0,0,0.0,
2026-09-06T19:09:22Z,israelhayom,0,0,0,0,0,,
2026-09-06T19:09:22Z,ch14,0,0,0,0,0,,
2026-09-06T19:09:22Z,makorrishon,0,0,0,0,0,,
2026-09-06T19:09:22Z,i24,1,19,54,1,5,0.09259,0.0
2026-09-06T19:09:22Z,globes,1,15,50,1,10,0.2,-1.0
2026-09-06T19:09:22Z,themarker,1,32,55,1,1,0.01818,-1.0
2026-09-06T19:09:22Z,calcalist,0,0,0,0,0,,
2026-09-06T19:31:03Z,ynet,1,129,55,1,1,0.01818,0.0
2026-09-06T19:31:03Z,walla,1,55,55,0,0,0.0,
2026-09-06T19:31:03Z,n12,1,120,55,2,15,0.27273,0.0
2026-09-06T19:31:03Z,kan,1,59,55,1,3,0.05455,0.0
2026-09-06T19:31:03Z,haaretz,1,39,55,0,0,0.0,
2026-09-06T19:31:03Z,israelhayom,0,0,0,0,0,,
2026-09-06T19:31:03Z,ch14,0,0,0,0,0,,
2026-09-06T19:31:03Z,makorrishon,0,0,0,0,0,,
2026-09-06T19:31:03Z,i24,1,20,55,1,5,0.09091,0.0
2026-09-06T19:31:03Z,globes,1,15,50,1,10,0.2,-1.0
2026-09-06T19:31:03Z,themarker,1,32,55,1,1,0.01818,-1.0
2026-09-06T19:31:03Z,calcalist,0,0,0,0,0,,
2026-09-06T21:19:35Z,ynet,1,134,55,2,4,0.07273,-0.75
2026-09-06T21:19:35Z,walla,1,55,55,0,0,0.0,
2026-09-06T21:19:35Z,n12,1,121,55,3,20,0.36364,0.0
2026-09-06T21:19:35Z,kan,1,62,55,1,3,0.05455,0.0
2026-09-06T21:19:35Z,haaretz,1,38,55,0,0,0.0,
2026-09-06T21:19:35Z,israelhayom,0,0,0,0,0,,
2026-09-06T21:19:35Z,ch14,0,0,0,0,0,,
2026-09-06T21:19:35Z,makorrishon,0,0,0,0,0,,
2026-09-06T21:19:35Z,i24,1,20,55,1,3,0.05455,0.0
2026-09-06T21:19:35Z,globes,1,15,50,1,10,0.2,-1.0
2026-09-06T21:19:35Z,themarker,1,32,55,1,1,0.01818,-1.0
2026-09-06T21:19:35Z,calcalist,0,0,0,0,0,,
2026-09-06T21:43:38Z,ynet,1,134,55,2,4,0.07273,-0.75
2026-09-06T21:43:38Z,walla,1,55,55,0,0,0.0,
2026-09-06T21:43:38Z,n12,1,121,55,3,20,0.36364,0.0
2026-09-06T21:43:38Z,kan,1,60,55,1,3,0.05455,0.0
2026-09-06T21:43:38Z,haaretz,1,39,55,0,0,0.0,
2026-09-06T21:43:38Z,israelhayom,0,0,0,0,0,,
2026-09-06T21:43:38Z,ch14,0,0,0,0,0,,
2026-09-06T21:43:38Z,makorrishon,0,0,0,0,0,,
2026-09-06T21:43:38Z,i24,1,20,55,1,3,0.05455,0.0
2026-09-06T21:43:38Z,globes,1,15,50,1,10,0.2,-1.0
2026-09-06T21:43:38Z,themarker,1,32,55,1,1,0.01818,-1.0
2026-09-06T21:43:38Z,calcalist,0,0,0,0,0,,
2026-09-06T23:11:13Z,ynet,1,134,55,1,3,0.05455,-1.0
2026-09-06T23:11:13Z,walla,1,55,55,0,0,0.0,
2026-09-06T23:11:13Z,n12,1,121,55,3,20,0.36364,0.0
2026-09-06T23:11:13Z,kan,1,60,55,1,3,0.05455,0.0
2026-09-06T23:11:13Z,haaretz,1,39,55,0,0,0.0,
2026-09-06T23:11:13Z,israelhayom,0,0,0,0,0,,
2026-09-06T23:11:13Z,ch14,0,0,0,0,0,,
2026-09-06T23:11:13Z,makorrishon,0,0,0,0,0,,
2026-09-06T23:11:13Z,i24,1,21,55,1,3,0.05455,0.0
2026-09-06T23:11:13Z,globes,1,15,50,1,10,0.2,-1.0
2026-09-06T23:11:13Z,themarker,1,32,55,1,1,0.01818,-1.0
2026-09-06T23:11:13Z,calcalist,0,0,0,0,0,,
2026-09-06T23:52:45Z,ynet,1,134,55,1,3,0.05455,-1.0
2026-09-06T23:52:45Z,walla,1,55,55,0,0,0.0,
2026-09-06T23:52:45Z,n12,1,121,55,3,20,0.36364,0.0
2026-09-06T23:52:45Z,kan,1,61,55,1,3,0.05455,0.0
2026-09-06T23:52:45Z,haaretz,1,39,55,0,0,0.0,
2026-09-06T23:52:45Z,israelhayom,0,0,0,0,0,,
2026-09-06T23:52:45Z,ch14,0,0,0,0,0,,
2026-09-06T23:52:45Z,makorrishon,0,0,0,0,0,,
2026-09-06T23:52:45Z,i24,1,21,55,1,3,0.05455,0.0
2026-09-06T23:52:45Z,globes,1,15,50,1,10,0.2,-1.0
2026-09-06T23:52:45Z,themarker,1,32,55,1,1,0.01818,-1.0
2026-09-06T23:52:45Z,calcalist,0,0,0,0,0,,
2026-09-07T01:18:21Z,ynet,1,134,55,1,3,0.05455,-1.0
2026-09-07T01:18:21Z,walla,1,55,55,0,0,0.0,
2026-09-07T01:18:21Z,n12,1,121,55,3,20,0.36364,0.0
2026-09-07T01:18:21Z,kan,1,63,55,0,0,0.0,
2026-09-07T01:18:21Z,haaretz,1,38,55,0,0,0.0,
2026-09-07T01:18:21Z,israelhayom,0,0,0,0,0,,
2026-09-07T01:18:21Z,ch14,0,0,0,0,0,,
2026-09-07T01:18:21Z,makorrishon,0,0,0,0,0,,
2026-09-07T01:18:21Z,i24,1,21,55,1,3,0.05455,0.0
2026-09-07T01:18:21Z,globes,1,15,50,1,10,0.2,-1.0
2026-09-07T01:18:21Z,themarker,1,32,55,1,1,0.01818,-1.0
2026-09-07T01:18:21Z,calcalist,0,0,0,0,0,,
2026-09-07T04:37:12Z,ynet,1,138,55,1,3,0.05455,-1.0
2026-09-07T04:37:12Z,walla,1,57,55,0,0,0.0,
2026-09-07T04:37:12Z,n12,1,119,55,2,4,0.07273,0.0
2026-09-07T04:37:12Z,kan,1,63,55,0,0,0.0,
2026-09-07T04:37:12Z,haaretz,1,38,55,0,0,0.0,
2026-09-07T04:37:12Z,israelhayom,0,0,0,0,0,,
2026-09-07T04:37:12Z,ch14,0,0,0,0,0,,
2026-09-07T04:37:12Z,makorrishon,0,0,0,0,0,,
2026-09-07T04:37:12Z,i24,1,21,55,0,0,0.0,
2026-09-07T04:37:12Z,globes,1,15,50,1,10,0.2,-1.0
2026-09-07T04:37:12Z,themarker,1,32,55,0,0,0.0,
2026-09-07T04:37:12Z,calcalist,0,0,0,0,0,,
2026-09-07T06:38:03Z,ynet,1,134,55,2,6,0.10909,-1.833
2026-09-07T06:38:03Z,walla,1,60,55,0,0,0.0,
2026-09-07T06:38:03Z,n12,1,118,55,1,1,0.01818,0.0
2026-09-07T06:38:03Z,kan,1,58,55,0,0,0.0,
2026-09-07T06:38:03Z,haaretz,1,40,55,0,0,0.0,
2026-09-07T06:38:03Z,israelhayom,0,0,0,0,0,,
2026-09-07T06:38:03Z,ch14,0,0,0,0,0,,
2026-09-07T06:38:03Z,makorrishon,0,0,0,0,0,,
2026-09-07T06:38:03Z,i24,1,21,55,0,0,0.0,
2026-09-07T06:38:03Z,globes,1,15,50,1,10,0.2,-1.0
2026-09-07T06:38:03Z,themarker,1,33,55,0,0,0.0,
2026-09-07T06:38:03Z,calcalist,0,0,0,0,0,,
2026-09-07T10:15:31Z,ynet,1,131,55,1,3,0.05455,-1.0
2026-09-07T10:15:31Z,walla,1,60,55,0,0,0.0,
2026-09-07T10:15:31Z,n12,0,0,0,0,0,,
2026-09-07T10:15:31Z,kan,1,57,55,0,0,0.0,
2026-09-07T10:15:31Z,haaretz,1,36,55,2,10,0.18182,0.0
2026-09-07T10:15:31Z,israelhayom,0,0,0,0,0,,
2026-09-07T10:15:31Z,ch14,0,0,0,0,0,,
2026-09-07T10:15:31Z,makorrishon,0,0,0,0,0,,
2026-09-07T10:15:31Z,i24,1,18,53,0,0,0.0,
2026-09-07T10:15:31Z,globes,1,15,50,0,0,0.0,
2026-09-07T10:15:31Z,themarker,1,32,55,0,0,0.0,
2026-09-07T10:15:31Z,calcalist,0,0,0,0,0,,
2026-09-07T13:01:27Z,ynet,1,133,55,0,0,0.0,
2026-09-07T13:01:27Z,walla,1,56,55,0,0,0.0,
2026-09-07T13:01:27Z,n12,1,121,55,0,0,0.0,
2026-09-07T13:01:27Z,kan,1,57,55,0,0,0.0,
2026-09-07T13:01:27Z,haaretz,1,37,55,3,3,0.05455,-0.333
2026-09-07T13:01:27Z,israelhayom,0,0,0,0,0,,
2026-09-07T13:01:27Z,ch14,0,0,0,0,0,,
2026-09-07T13:01:27Z,makorrishon,0,0,0,0,0,,
2026-09-07T13:01:27Z,i24,1,18,53,0,0,0.0,
2026-09-07T13:01:27Z,globes,1,15,50,0,0,0.0,
2026-09-07T13:01:27Z,themarker,1,32,55,0,0,0.0,
2026-09-07T13:01:27Z,calcalist,0,0,0,0,0,,
2026-09-07T15:52:35Z,ynet,1,134,55,1,5,0.09091,-1.0
2026-09-07T15:52:35Z,walla,1,53,55,0,0,0.0,
2026-09-07T15:52:35Z,n12,1,119,55,1,5,0.09091,0.0
2026-09-07T15:52:35Z,kan,1,60,55,0,0,0.0,
2026-09-07T15:52:35Z,haaretz,1,39,55,0,0,0.0,
2026-09-07T15:52:35Z,israelhayom,0,0,0,0,0,,
2026-09-07T15:52:35Z,ch14,0,0,0,0,0,,
2026-09-07T15:52:35Z,makorrishon,0,0,0,0,0,,
2026-09-07T15:52:35Z,i24,1,17,52,1,5,0.09615,-1.0
2026-09-07T15:52:35Z,globes,1,15,50,0,0,0.0,
2026-09-07T15:52:35Z,themarker,1,32,55,0,0,0.0,
2026-09-07T15:52:35Z,calcalist,0,0,0,0,0,,
2026-09-07T18:24:22Z,ynet,1,131,55,3,9,0.16364,-0.667
2026-09-07T18:24:22Z,walla,1,51,55,1,5,0.09091,-1.0
2026-09-07T18:24:22Z,n12,1,118,55,2,10,0.18182,-0.5
2026-09-07T18:24:22Z,kan,1,58,55,1,5,0.09091,-1.0
2026-09-07T18:24:22Z,haaretz,1,39,55,0,0,0.0,
2026-09-07T18:24:22Z,israelhayom,0,0,0,0,0,,
2026-09-07T18:24:22Z,ch14,0,0,0,0,0,,
2026-09-07T18:24:22Z,makorrishon,0,0,0,0,0,,
2026-09-07T18:24:22Z,i24,1,17,52,1,3,0.05769,-1.0
2026-09-07T18:24:22Z,globes,1,15,50,0,0,0.0,
2026-09-07T18:24:22Z,themarker,1,33,55,0,0,0.0,
2026-09-07T18:24:22Z,calcalist,0,0,0,0,0,,
